<?xml version="1.0" encoding="UTF-8" ?>
<Module>
<!-- Licensed under the Apache License, Version 2.0 (the "License"); you may not
 * use this file except in compliance with the License. You may obtain a copy of
 * the License at
 *
 * http://www.apache.org/licenses/LICENSE-2.0
 *	
 * Unless required by applicable law or agreed to in writing, software
 * distributed under the License is distributed on an "AS IS" BASIS, WITHOUT
 * WARRANTIES OR CONDITIONS OF ANY KIND, either express or implied. See the
 * License for the specific language governing permissions and limitations under
 * the License
-->
	<ModulePrefs title="Hangout Starter">
		<Require feature="rpc" />
		<Require feature="views" />\
		<Require feature="locked-domain" /> \
	</ModulePrefs>
	<Content type="html"><![CDATA[     

<html>
<style type="text/css">
<!--
.button {
  border-radius: 3px;
  -moz-border-radius: 3px;
  background: -webkit-gradient(linear, left top, left bottom, from(#fff), to(#ddd));
  background: -moz-linear-gradient(top, #fff, #ddd);  
  border: 1px solid #bbb;
}

.button:active {
	background: -webkit-gradient(linear, left top, left bottom, from(#aaa), to(#333)); 
	background: -moz-linear-gradient(bottom, #ddd, #aaa); }

-->
</style>
<head>
	<title>Hangout Media Starter</title>
	    <meta http-equiv="Content-Type" content="text/html;
charset = iso - 8859 - 1 " />
</head>

<body>

<script src="//plus.google.com/hangouts/_/api/v1/hangout.js"></script>
<script src="https://hangoutmediastarter.appspot.com/static/html5slider.js"></script>

<center>

<div id='fullUI' style='visibility:hidden;'>
<p>
<br/>
<input class="button" type="button" value="Good day!" id="topHatButton"
    onClick="sayGoodDay()"/>
</p>

<p>
<br/>
<input class="button" type="button" value="Top hat!" id="topHatButton"
    onClick="showOverlay('topHat')"/>

<input class="button" type="button" value="Monocle!" id="monocleButton"
    onClick="showOverlay('mono')"/>

<input class="button" type="button" value="Mustache!" id="mustacheButton"
	    onClick="showOverlay('stache')"/>
	    
<input class="button" type="button" value="Fancy!" id="fancyButton"
        onClick="showOverlay('fancy')"/>

<input class="button" type="button" value="Animated!" id="animatedButton"
        onClick="showAnimatedOverlay()"/>
        

<input class="button" type="button" value="Nothing." id="nothingButton"
			    onClick="showNothing()"/>
</p>
	
<div id="overlayControls" style="visibility: hidden">

	SCALE:
	<input id="scaleSlider" type="range" min="0.75" max="2.0" value="1.0" step="0.05"  onchange="onSetScale(this.value)" />
	<span id="scaleTxt">0</span><br/>

	Y-OFFSET:
	<input id="offsetSlider" type="range" min="-0.2" max="0.15" value="0.1" step="0.01"  onchange="onSetOffset(this.value)" />
	<span id="offsetTxt">0</span>
</div>
<br/>
<div id='arbitraryURILoader'>
  You can also load any arbitrary PNG.  Enter an URL below.<br/>
	<input id="loadableURI" type="text" 
	       placeholder="Enter an image URL that ends in .png"
	       style="width:300px;"
	       />
	<input class="button"
	       type="button" 
	       value="Load an overlay" id="animatedButton"
               onClick="loadOverlay(document.querySelector('#loadableURI').value)"/>

</div>

<div>
  <input class="button"
	 type="checkbox"
	 value="Mirror me" id="mirror-checkbox"
	 checked="true"
	 onClick="updateMirroring()">
    Mirror me
  </input>
	 
</div>

</div>

</center>

<script src="https://plushangoutstartershadow.appspot.com/static/mediaStarter.js"></script>

]]>
</Content>

</Module>
